{
  "config": {
    "lr": 0.0004277102437303026,
    "weight_decay": 0.001,
    "depth": 6,
    "num_heads": 6,
    "emb_size": 192,
    "patch_size": 16,
    "loss_cls_weight": 1.0,
    "img_size": 288,
    "batch_size": 1
  },
  "val_dice_proxy": 0.9295579916664533
}